,정류소명,Y좌표,X좌표
12001,문현고등학교.송파파인타운5단지,37.480632,127.129475
12002,문현고등학교,37.4807091324,127.1292061629
12003,풍납현대아파트,37.5287587812,127.1193610526
12004,문정3차푸르지오아파트.송파파인타운1단지,37.4866738525,127.1335864078
12005,문정3차푸르지오아파트.송파파인타운1단지,37.4864839486,127.1333836546
12006,아이코리아앞,37.48096,127.13364
12007,가든파이브.웍스동,37.478215,127.121195
12008,가든파이브.웍스동,37.4782546079,127.1212593757
12009,위례31단지정문,37.4725899491,127.132278952
12010,장지역가든파이브라이프동,37.4791155553,127.124772665
12011,장지역가든파이브라이프동,37.4789275658,127.1249012174
12012,가든파이프툴동,37.4791477338,127.1193612432
12013,가든파이브툴동,37.4789426026,127.1190431911
12014,잠실대교전망쉼터,37.5201071463,127.0951336442
12015,잠실대교전망쉼터,37.519993,127.09479
12016,석촌호수서호사거리,37.506324,127.098408
12017,석촌호수서호사거리,37.5065890171,127.099235139
12018,미켈란호수가아파트,37.5076563193,127.1026500655
12019,미켈란호수가아파트,37.5081977473,127.1031124564
12020,호수임광아파트,37.5106263397,127.1067263617
12021,호수임광아파트,37.5113882396,127.1072025448
12022,송파파인타운아파트11단지,37.4786668849,127.1333663666
12023,송파파인타운아파트11단지,37.4787068369,127.1330973326
12024,문정중학교후문,37.4882821419,127.1305235717
12025,문정동래미안아파트남문,37.4888716798,127.1303278302
12026,파크데일아파트입구,37.4976209089,127.1546364429
12027,위례아이파크아파트앞,37.4758687793,127.1411478405
12028,송파더센트레.송례초앞,37.4785513432,127.1390128304
12029,송파더센트레.송례중앞,37.4782159275,127.1407082374
12030,송파꿈에그린아파트,37.4749448409,127.1407699426
12031,송파푸르지오시티.한화오벨리스크,37.4809129525,127.1197967562
12032,송파푸르지오시티.한화오벨리스크,37.480603694,127.1204716666
12033,파크데일아파트입구,37.4977775358,127.1547623047
12034,복정역,37.4700651629,127.1257548303
12035,복정역환승센터2번승강장,37.4699638279,127.1274771022
12036,풍납동극동.쌍용아파트,37.5266217768,127.1180667018
12037,송파.잠실세무서,37.5267839464,127.1153594729
12038,복정역환승센터3번승강장,37.4699297672,127.1275897549
12039,풍납동극동.쌍용아파트,37.5263988605,127.1184114313
12040,송파역,37.4998736805,127.1123582001
12041,복정역환승센터4번승강장,37.4699340248,127.127718501
12042,송파역.헬리오시티,37.4999130728,127.1116334484
12043,송례중학교.위례아이파크,37.4779868491,127.1418951814
12044,잠실4동주민센터.파크리오B상가,37.5200420706,127.1130777048
12045,송파호반베르디움더퍼스트,37.5070465332,127.140955925
12046,오륜사거리,37.5076359145,127.1392687057
12047,세륜중학교,37.5077220872,127.1327576434
12048,오금공원,37.5061549756,127.1317306295
12049,오금역.오금고교,37.5029792202,127.1288164094
12050,송파삼성래미안아파트,37.5045814775,127.1196861699
12051,송파현대아파트.가락중학교,37.5032131418,127.1182797537
12052,가락고등학교,37.5016205862,127.1173359596
12053,가락동부센트레빌아파트,37.4990489828,127.1170851731
12054,가락중학교,37.502197243,127.1175129854
12055,가락중학교.래미안송파파인탑,37.5030006527,127.1186688826
12056,가락삼익맨숀,37.5050038577,127.1206558624
12057,오금역.오금고교,37.5024334348,127.1289063374
12058,오금공원,37.5053272821,127.1316690127
12059,세륜중학교,37.5069661108,127.1327475445
12060,송파호반베르디움더퍼스트,37.5066171605,127.140531315
12061,송파파인타운1단지,37.4862188186,127.13377601
12062,송파파인타운2단지,37.4839329549,127.1315336833
12063,송파파크하비오푸르지오,37.4813448232,127.1223231931
12064,서울동부지방법원.검찰청,37.483523532,127.1212183281
12065,문정법조단지,37.4857979941,127.117764345
12066,올림픽훼밀리타운아파트,37.4866752214,127.1142982606
12067,올림픽훼밀리타운아파트,37.4860622629,127.1143948202
12068,문정법조단지,37.4853130847,127.117152131
12069,서울동부지방법원.검찰청,37.4839604614,127.1203262567
12070,송파아이파크오피스텔,37.4803985049,127.122205144
12071,송파파인타운3단지,37.4834326172,127.1316666363
12072,송파파인타운1단지,37.4860808541,127.1340912314
12073,탄천둥지전망대,37.4991381162,127.0905148052
12074,장미아파트,37.51735,127.101971
12075,잠실파크리오아파트,37.5191459546,127.1090124148
12076,올림픽파크텔,37.5227227635,127.1162096568
12077,잠실2.3단지,37.5112526521,127.088092125
12078,잠실롯데월드호텔롯데타워,37.5107407047,127.1006521072
12079,종점,37.4933890487,127.152077506
12080,위례신도시푸르지오,37.480073,127.138554
12081,위례신도시푸르지오,37.4802278998,127.1385862643
12082,위례포레샤인.송파꿈에그린서문,37.4770281993,127.1371122926
12083,송파꿈에그린서문.위례포레샤인,37.4762023003,127.1375307172
12084,송파공영차고지,37.4687688814,127.1310686652
12085,송파공영차고지,37.4690733033,127.1308943216
12086,복정역환승주차장,37.470728,127.128144
12087,복정역,37.4709698925,127.1273660702
12088,잠실새내역,37.511957,127.08406
12089,시그니엘서울호텔,37.512130933,127.1028459318
12090,잠실종합운동장,37.5111066459,127.0721954509
12091,잠실종합운동장,37.510440568,127.0724640283
12092,잠실주공1단지,37.5120409472,127.0794337445
12093,잠실주공1단지,37.5115831496,127.07949095
12094,잠실롯데월드,37.5098039398,127.0991373541
12095,잠실역,37.5126667117,127.096996375
12096,잠실주공2.3단지,37.5117068158,127.0880802157
12097,잠실새내역,37.5114109026,127.0836048934
12098,몽촌토성역,37.5182907881,127.1128745271
12099,올림픽파크텔,37.5207204491,127.1144382871
12100,잠실파크리오아파트,37.5193257803,127.1084617304
12101,장미아파트,37.5170465108,127.1007612595
12102,가락동,37.491262,127.114655
12103,경찰병원.서울동부고용노동지청,37.494165,127.12216
12104,오금동,37.5013114366,127.1278238511
12105,개롱역,37.4970380272,127.1322646693
12106,문정동,37.4927107832,127.1283135752
12107,경찰병원.서울동부고용노동지청,37.4944500949,127.1221914316
12108,가락동,37.491693,127.115336
12109,송파역,37.5002855995,127.1112843496
12110,방이역,37.5087272014,127.1264270881
12111,올림픽선수촌아파트,37.516164,127.131173
12112,올림픽선수촌아파트,37.516446,127.130871
12113,방이역,37.5081515098,127.1254770931
12114,오금역,37.501179,127.127648
12115,오금역,37.500602,127.12665
12116,오금동,37.506099,127.132164
12117,오금동,37.5066818144,127.132089393
12118,방이동,37.511496,127.12967
12119,방이동,37.5110954671,127.1287692349
12120,장지역,37.4775131709,127.126368963
12121,장미광장,37.5125528466,127.1270390731
12122,한성백제박물관,37.515418852,127.1196010139
12123,올림픽공원평화의문,37.5170704843,127.1150080134
12124,롯데월드,37.5121467731,127.0970648021
12125,잠실종합운동장,37.5115431048,127.0753391812
12126,오륜초등학교.올림픽선수촌아파트,37.510638881,127.1317247608
12127,송파레미니스아파트,37.5078024518,127.1370146199
12128,송파레미니스아파트,37.5082386325,127.137183599
12129,오금대림아파트.오금초등학교,37.5103599239,127.1308374925
12130,한강극동아파트후문,37.5307280713,127.1124924101
12131,토성초등학교.한강극동아파트,37.5298706007,127.1144039912
12132,풍납2동주민센터,37.5287762059,127.1168541891
12133,잠실대교(가상),37.5188885963,127.0950484583
12134,잠실대교(가상),37.5195012853,127.0945871184
12135,문정역.문정자동차학원,37.4871815894,127.1215157996
12136,포도청갈비집,37.4754997118,127.1282909271
12137,잠실역,37.5150672672,127.0991375288
12138,행정학교,37.4749781474,127.127295075
12139,상일초교,37.5460918268,127.1712289913
12140,상일초교,37.5457940987,127.1706308587
12141,초이동,37.5420206237,127.1613493741
12142,초이동,37.5418463392,127.1610838354
12143,강동자이.프라자아파트,37.5367333585,127.1488398094
12144,강동자이·프라자아파트,37.5361803712,127.1478949892
12145,길동주민센터.둔촌2동주민센터,37.5342743542,127.1429328548
12146,길동주민센터.둔촌2동주민센터,37.533887,127.142105
12147,길동사거리.강동세무서,37.5345836138,127.1366884975
12148,길동사거리.강동세무서,37.5346429923,127.135989316
12149,강동역,37.5358471399,127.1325708112
12150,강동역,37.536106,127.131516
12151,천호역,37.537655,127.127052
12152,천호역,37.5377446514,127.1261772536
12153,강동공영차고지,37.5642387432,127.1737765712
12154,강동공영차고지,37.564179,127.174323
12155,고덕리엔파크1단지,37.5611595214,127.1704714177
12156,고덕리엔파크1단지,37.561365,127.170696
12157,해뜨는주유소,37.5590091865,127.170898532
12158,해뜨는주유소,37.559757,127.170989
12159,고덕천교차로,37.5563241348,127.171147352
12160,고덕천교차로,37.5563500135,127.1715956752
12161,고덕자이.고덕천물놀이장,37.5534666908,127.1720516501
12162,강명초등학교,37.553372,127.172373
12163,고덕자이,37.5516025716,127.1725023454
12164,고덕리엔파크3단지,37.55189,127.172726
12165,상일동산.롯데캐슬베네루체,37.5498834696,127.1649726428
12166,상일동산.롯데캐슬베네루체,37.5497473723,127.1657236614
12167,상일근린공원,37.5474506943,127.1665605106
12168,상일근린공원,37.547467707,127.1674402751
12169,GS강동자이아파트.둔촌동프라자아파트,37.5370016433,127.1490315784
12170,둔촌동프라자아파트.GS강동자이아파트,37.5361025182,127.1481811198
12171,둔촌푸르지오아파트,37.5349289499,127.1440871447
12172,둔촌푸르지오아파트,37.5346425877,127.1446715983
12173,길동주민센터.서울양병원,37.5340930089,127.1416600147
12174,둔촌2동주민센터.서울양병원,37.5336500824,127.1420298404
12175,길동사거리.강동세무서,37.5344456779,127.1375233178
12176,길동사거리.강동세무서,37.5341345185,127.1369897961
12177,강동역1번출구.동신중학교,37.5361512705,127.1321594619
12178,강동역.강풀만화거리입구,37.5361240098,127.1307449644
12179,천호역5번출구.천호사거리,37.5377553257,127.1271403225
12180,천호역6번출구.천호사거리,37.53723,127.127293
12181,천호사거리,37.53800676,127.1262739531
12182,천호사거리.천호역6번출구,37.5376187736,127.1259123241
12183,상일동역4번출구.센트럴푸르지오,37.557235,127.169638
12184,상일동역6번출구.고덕아르테온,37.5568167374,127.1681175186
12185,상일동역1번출구,37.5565880918,127.1644476442
12186,상일동역8번출구,37.5563570665,127.1647011741
12187,고덕그라시움,37.5560578309,127.1608318166
12188,고덕그라시움,37.5557278909,127.1602719709
12189,고덕평생학습관.온조대왕체육관,37.5556884118,127.1581417355
12190,고덕평생학습관.온조대왕체육관,37.555507,127.158091
12191,고덕역,37.5553730793,127.1558492404
12192,고덕역,37.5549995292,127.155082036
12193,배재중고등학교,37.5547887265,127.1494506884
12194,배재중고등학교,37.5545219863,127.1494637377
12195,동부기술교육원.장애인종합복지관,37.5547923189,127.146584873
12196,동부기술교육원.장애인종합복지관,37.5545663809,127.1463942816
12197,명일초등학교,37.5548673708,127.1434373656
12198,명일초등학교,37.554602,127.143468
12199,암사3동주민센터(강동롯데캐슬퍼스트),37.5548011641,127.1392777206
12200,암사3동주민센터프라이어팰리스,37.5545587211,127.1393191473
12201,강일중.선사고,37.5548072632,127.1371464738
12202,강일중.선사고,37.5545851759,127.1359497135
12203,신암중학교,37.5548390685,127.1313639495
12204,신암중학교,37.5546138434,127.1313205443
12205,삼성광나루아파트.암사동유적,37.5533949818,127.1285748725
12206,삼성광나루아파트.암사동유적,37.5533396363,127.128922246
12207,암사역선사현대아파트,37.5508414014,127.1276333701
12208,암사역2번출구.암사종합시장,37.5496007079,127.127528264
12209,천호동공원,37.5459692284,127.1259116562
12210,천호동공원,37.5458734311,127.1261751828
12211,서울현대요양병원,37.543169,127.124862
12212,서울현대요양병원,37.5420613974,127.124856045
12213,천호역2번출구.현대백화점,37.5402431747,127.1238209738
12214,천호역3번출구.현대백화점,37.5399531076,127.1240057241
12215,천호역,37.5359007609,127.1227399813
12216,강동구청역1번출구.영파여고,37.5319007376,127.121297523
12217,상일동역2번출구,37.5573380664,127.1651251793
12218,상일동역2번출구,37.5571801903,127.1654238958
12219,고덕초등학교,37.5601464808,127.1657610712
12220,고덕초등학교,37.5599831421,127.1657689094
12221,강덕초등학교.고덕그라시움,37.5603785827,127.16279594
12222,강덕초등학교.고덕그라시움,37.5601960704,127.1631520986
12223,광문고.서울컨벤션고,37.5605856361,127.1576291349
12224,광문고.서울컨벤션고,37.5604492511,127.1565150315
12225,고덕아이파크아파트,37.5597467476,127.1541953974
12226,고덕아이파크아파트,37.5593688285,127.1537814711
12227,명일중학교,37.5582427163,127.1487291657
12228,명일중학교,37.5584235613,127.1488761534
12229,강동경희대병원.명일동이마트,37.5545494691,127.1567607504
12230,강동아트센터.강동경희대병원,37.5523444556,127.1561087396
12231,강동아트센터.강동경희대병원후문,37.5509949599,127.1565303438
12232,한영중고한영외고,37.5478167271,127.1559046378
12233,한영중고한영외고,37.5478756426,127.1563257665
12234,길동자연생태공원,37.539039881,127.1525922642
12235,길동자연생태공원,37.5391799069,127.1530135068
12236,일자산입구.둔촌도서관,37.5318591561,127.1496877955
12237,일자산입구.둔촌도서관,37.5314894776,127.149868095
12238,서부입구,37.5174853203,127.1434913519
12239,동북고등학교.둔촌오륜역,37.5189846824,127.1402138932
12240,오륜교회앞,37.5224763077,127.1320753742
12241,보훈병원,37.5288444399,127.1435957051
12242,보훈병원,37.529879855,127.1428079276
12243,약수터,37.53219561,127.1418433987
12244,약수터,37.532171066,127.1415427537
12245,명일여자고등학교,37.5484625278,127.1491483294
12246,명일여자고등학교,37.5483514975,127.1493031571
12247,길동성당,37.5442296908,127.1480297162
12248,길동성당,37.544240274,127.1482130696
12249,길동신동아아파트,37.5413040547,127.1471322012
12250,길동신동아아파트,37.5413876109,127.1473292706
12251,미사강변18단지.강일리버10단지,37.56,127.18176
12252,윤슬중학교.강솔초등학교,37.56198,127.18176
12253,강일리버5단지.미사강변루나리움,37.567494,127.17919
12254,미사강변루나리움.강일리버5단지,37.5680935529,127.1795124563
12255,미사강변17단지.강일리버7단지,37.56425,127.18013
12256,보훈회관,37.5264562493,127.1452995611
12257,보훈회관,37.5262315087,127.1455978173
12258,대순진리회,37.5303537171,127.1312576314
12259,대순진리회,37.5302847785,127.1308558383
12260,성내2동주민센터.성내복지관,37.5311744158,127.1281588016
12261,성내2동주민센터.성내복지관,37.5310374848,127.1281257543
12262,성내삼성청구아파트,37.5319215281,127.1255463243
12263,성내삼성청구아파트,37.5315856264,127.1261519928
12264,성내주유소,37.5329248061,127.1220776578
12265,성내주유소,37.5327650084,127.1220570336
12266,강동농협,37.5409643096,127.1427532477
12267,강동농협,37.540733131,127.1431647199
12268,참잘함한방병원,37.5411335464,127.1398826123
12269,참잘함한방병원,37.5408874821,127.1399376025
12270,천동초등학교.천호도서관,37.5404236471,127.136664078
12271,천동초등학교.천호도서관,37.540437,127.136948
12272,강동성심병원(동신중학교),37.537458,127.1355
12273,강동성심병원(동신중학교),37.5373426452,127.1352326667
12274,조은마디병원,37.5341470568,127.1339143218
12275,조은마디병원,37.5342940789,127.1337878532
12276,JYP엔터테인먼트.윤선생영어교실,37.5247728157,127.1291706243
12277,JYP엔터테인먼트.윤선생영어교실,37.5249590467,127.1294413478
12278,명일역3번출구.래미안솔베뉴,37.5518873966,127.1442239125
12279,명일역2번출구,37.5521499237,127.1439708949
12280,명일역1번출구.명일전통시장,37.5500246088,127.143670283
12281,명일역4번출구.명일전통시장,37.5503142792,127.1440658281
12282,굽은다리사거리,37.5479101562,127.143327835
12283,굽은다리사거리,37.5472655932,127.143558605
12284,십자성마을,37.5434576822,127.1419714912
12285,십자성마을,37.5429790193,127.1421222263
12286,길동역1번출구,37.5379724338,127.1399400757
12287,길동역3번출구,37.5373136521,127.1400078708
12288,서울프라임한방병원,37.5355253414,127.1389352122
12289,서울프라임한방병원,37.5351257806,127.1392535664
12290,강동리바트,37.5313641488,127.1373320955
12291,동명약국앞,37.5306470312,127.1375191256
12292,둔촌동역4번출구,37.5282558591,127.1361248068
12293,둔촌동역2번출구,37.52758769,127.1365195932
12294,서울성내동우체국,37.5235199059,127.1343603166
12295,한국전력공사강동송파지사,37.5247612541,127.1354690401
12296,고덕자이.상일여고,37.550913,127.171294
12297,고덕자이.상일여고,37.550846179,127.1721418273
12298,상일1동주민센터.고덕사회체육센터,37.5504362811,127.1683222748
12299,상일1동주민센터.롯데캐슬베네루체,37.5502885957,127.1682562999
12300,고덕숲아이파크,37.5506341451,127.1646290433
12301,고덕숲아이파크,37.550453945,127.1647425084
12302,강동고등학교,37.5502212128,127.1603416661
12303,강동고등학교,37.5504328121,127.161119649
12304,한영중고한영외고,37.5492276384,127.1567382863
12305,명일동현대아파트,37.5493850287,127.1532833576
12306,한영중고한영외고,37.5490679859,127.1554952852
12307,고덕삼환.주공9단지아파트,37.5493637633,127.1515184641
12308,고덕삼환.주공9단지아파트,37.5490515619,127.152193923
12309,명일여자고등학교,37.5494552042,127.1484178305
12310,명일여자고등학교,37.5490799931,127.148977533
12311,명일1동주민센터,37.5504780577,127.1462720633
12312,명일1동주민센터,37.5502386168,127.1462409495
12313,강동구청,37.5302633072,127.1226326624
12314,강동구청,37.5299612999,127.1224382947
12315,강동보건소앞,37.5287577192,127.1255987251
12316,강동보건소건너,37.5285596644,127.125423019
12317,한양수자인아파트,37.5273514477,127.1286297229
12318,한양수자인아파트,37.5271714119,127.1284608315
12319,서울장애인복지관,37.5552000891,127.1490836595
12320,서울장애인복지관,37.5550804924,127.14888648
12321,명일동신동아아파트,37.5548510265,127.1521751572
12322,명일동신동아아파트,37.5545613021,127.1518429396
12323,상일동동아아파트,37.5457877308,127.167551316
12324,상일동동아아파트,37.5455480066,127.1675745452
12325,상일동주몽재활원,37.54597942,127.1642692203
12326,상일동주몽재활원,37.5457460543,127.1632088729
12327,상일동빌라단지,37.5454650315,127.1589848377
12328,상일동빌라단지,37.5456845502,127.160085237
12329,중앙보훈병원역1번출구,37.5279919512,127.1480518756
12330,중앙보훈병원역1번출구,37.527408665,127.1482404378
12331,강동첨단업무단지.상일여고입구,37.5486425295,127.1730829007
12332,강동첨단업무단지.상일여고입구,37.5494046152,127.1732465045
12333,천동초교입구사거리,37.5399553721,127.1410120284
12334,천동초교입구사거리,37.5399404705,127.1406623307
12335,강동구청역농협중앙회,37.5290113059,127.1200358005
12336,성내구립도서관.사회적경제지원센터,37.5326925318,127.1332543151
12337,성내구립도서관.사회적경제지원센터,37.5322659606,127.1327670107
12338,둔촌습지앞,37.5219004141,127.1456203728
12339,강일리버파크6단지,37.5640279369,127.1754266
12340,강일동주민센터,37.566015,127.173929
12341,강일동주민센터,37.565716,127.173874
12342,강일리버파크4단지.2단지,37.568441,127.176556
12343,강일리버파크2단지.4단지,37.5686218353,127.1765456511
12344,강일고등학교.강일리버파크7단지,37.565067,127.177918
12345,강일고등학교.강일리버파크7단지,37.5647110133,127.1784008104
12346,강일리버파크6단지,37.562992346,127.1761905119
12347,강일리버파크6단지,37.5626663072,127.1760856038
12348,강일초등학교,37.565095,127.175752
12349,강일초등학교,37.565741624,127.1767618586
12350,강일리버파크9단지.10단지,37.5595533554,127.1794626974
12351,강일리버파크10단지.9단지,37.5595583711,127.1797196537
12352,중앙보훈병원역2번출구,37.5295979733,127.1486791218
12353,중앙보훈병원역3번출구,37.5295244825,127.1489775039
12354,강일리버파크8단지,37.5622718862,127.1777180853
12355,강일리버파크8단지,37.562648,127.177967
12356,강일리버파크4단지.5단지,37.56656,127.177374
12357,강일리버파크5단지.4단지,37.567123716,127.1774839621
12358,강일리버파크1단지.3단지,37.567223417,127.173455307
12359,강일리버파크3단지.1단지,37.568207,127.174408
12360,상일파출소.고덕아르테온,37.555317704,127.1658637174
12361,강일리버파크9단지후문,37.5616924212,127.18013794
12362,강일리버파크9단지후문,37.561716212,127.1799002887
12363,강동공영차고지,37.564251,127.174627
12364,강일역.고덕리엔파크2단지.3단지,37.5573380193,127.1737391286
12365,강일역.고덕리엔파크3단지.2단지,37.5570948676,127.1738368962
12366,고덕리엔파크2단지,37.5568389632,127.1730237586
12367,강명초등학교.고덕리엔파크3단지,37.554043,127.173785
12368,강명초등학교.고덕리엔파크3단지,37.5536811185,127.1733062044
12369,고덕리엔파크2단지,37.5568348591,127.1733644426
12370,굽은다리역구민회관.강동홈플러스,37.5453580966,127.1427152264
12371,굽은다리역구민회관.강동홈플러스,37.545612,127.143063
12372,삼성엔지니어링,37.5496967892,127.1749312457
12373,삼성엔지니어링,37.5496026454,127.1746130004
12374,고덕리엔파크3단지서문,37.5512572809,127.1738483769
12375,고덕리엔파크3단지서문,37.5510707551,127.1738479436
12376,고덕주공3단지,37.5537350196,127.1709464738
12377,고덕주공3단지.6단지상가,37.5536295693,127.1678212681
12378,상일동역.고덕우체국,37.5561277448,127.1656627516
12379,천동초교삼거리,37.5415666821,127.1367999069
12380,천동초교삼거리,37.5420354563,127.1361011958
12381,동아하이빌,37.5438505334,127.1342904186
12382,동아하이빌,37.5437163348,127.1342335942
12383,천일초교사거리,37.5446006791,127.1323090477
12384,천일초교사거리,37.5445369862,127.1312462814
12385,천일중.구강사,37.5451090429,127.1289182555
12386,천일중.구강사,37.5449352859,127.1290018939
12387,고덕센트럴.고덕숲아이파크,37.5510116896,127.1654103568
12388,고덕숲.고덕센트럴아이파크,37.551530194,127.1651421363
12389,고현초등학교.고덕센트럴아이파크,37.5530410685,127.1653276924
12390,고현초등학교.고덕숲아이파크,37.5540230522,127.1648827975
12391,현대토파즈아파트,37.5253053335,127.1258610776
12392,채선당앞,37.527080206,127.1218418512
12393,서울시동부기술교육원.명덕초교,37.5560136826,127.1448147728
12394,아남.대우아파트,37.5577215977,127.1446498024
12395,강동롯데캐슬퍼스트아파트,37.5572436931,127.1444480814
12396,천호역1번출구.문구거리,37.5394634572,127.121909754
12397,강동리버스트7.6단지,37.570458856,127.1723743257
12398,강동리버스트6.7단지,37.5707703687,127.1716105926
12399,강동리버스트상가,37.5717243755,127.1737892502
12400,강동리버스트상가,37.5724769381,127.1746743791
12401,강동리버스트8단지,37.572949,127.177054
12402,강일리버파크3단지,37.5653401305,127.1748081652
12403,강일역3번출구,37.5576252923,127.1772712588
12404,강동리엔파크9단지,37.556006698,127.1794170581
12405,강동리엔파크9단지,37.5560704882,127.1797174655
12406,강동리엔파크11단지,37.554057,127.179383
12407,강동리엔파크11단지,37.5535488264,127.1799531699
12408,강동리엔파크13.14단지,37.5513950411,127.1814238084
12409,강동리엔파크13.14단지,37.5515290088,127.1816142452
12410,강일역2번출구,37.5579846355,127.1772337078
12411,가래여울,37.5764797103,127.1689050768
12412,길동신동아아파트,37.5405842247,127.1491711095
12413,강동노인종합복지관,37.5517117295,127.1530633965
12414,작목반,37.5733112422,127.1696971979
12415,신명초교입구교차로,37.5400880474,127.1467529825
12416,강일리버파크3단지301동,37.5681242511,127.1742419017
12417,일자마을입구,37.5718463781,127.1713546635
12418,길동초등학교,37.5390026354,127.1464238219
12419,강일리버파크1단지103동,37.5680002929,127.1727484509
12420,길동우성아파트.은평교회맞은편,37.5363256639,127.1455450213
12421,명일동한양아파트,37.5515586239,127.1559333602
12422,둔촌푸르지오아파트사거리,37.5343495309,127.1448351044
12423,강일고등학교.강일리버파크7단지,37.5650288184,127.1779895218
12424,둔촌고앞,37.5316854362,127.1437301419
12425,한영중고앞사거리,37.5488526426,127.1559621939
12426,구립둔촌어린이집,37.5300877341,127.1430346175
12427,고덕1동주민센터.두레근린공원,37.5585589782,127.1513713293
12428,고덕역1번출구,37.5555055926,127.1530718498
12429,둔촌중앙하이츠아파트,37.5290087596,127.1425878966
12430,명일신동아아파트,37.5523500125,127.1525461369
12431,강일리버파크3단지308동,37.5651782062,127.175712297
12432,둔촌주공아파트1.4단지후문,37.527451917,127.1416277447
12433,상일동역3.4번출구,37.5570914032,127.1683795781
12434,한산중학교,37.5281885341,127.1389985407
12435,주양쇼핑,37.5523457596,127.1530458229
12436,고덕리엔파크1단지,37.5612301549,127.1704304548
12437,둔촌역,37.5287006078,127.1372434849
12438,고덕역1번출구,37.5555055926,127.1533776217
12439,고덕1동주민센터.두레근린공원,37.5585462206,127.1517146521
12440,우리은행둔촌역지점.발리호텔,37.5290164166,127.1360979027
12441,고덕2단지,37.5603958298,127.1627042915
12442,둔촌청구아파트,37.5295051666,127.1342126479
12443,고덕중학교,37.5607702765,127.1610298468
12444,대순진리회,37.5303284009,127.1313345271
12445,농협둔촌동지점,37.52907136,127.143508873
12446,성내2동주민센터.성내복지관,37.5311925076,127.1280943379
12447,고덕아이파크101동,37.5605725168,127.1559730955
12448,성내삼성아파트.공안과,37.5318998345,127.1256096517
12449,9호선중앙보훈병원역1번출구,37.5276844709,127.1476716614
12450,성내주유소,37.5328991827,127.1221432471
12451,묘곡초교사거리,37.559319351,127.151627345
12452,선린초등학교,37.5289724399,127.1452340607
12453,아남.대우아파트,37.5575770096,127.1444727766
12454,롯데캐슬아파트,37.5561042049,127.1444776533
12455,명일동국민은행.래미안솔베뉴,37.5537289168,127.1441672987
12456,명일역,37.5520472158,127.1439571157
12457,성덕고등학교,37.5507648497,127.1433061388
12458,영파여고.강동구청역,37.5321854094,127.1213704
12459,천호우성아파트,37.5505952077,127.1397441084
12460,성내주유소,37.5327089263,127.1222640082
12461,약국앞,37.5500706967,127.1375044877
12462,성내삼성아파트.공안과,37.5316598406,127.1258932537
12463,강동농협,37.5480835452,127.1353709023
12464,성내2동주민센터.성내복지관,37.5310582873,127.1280545065
12465,천호초교입구사거리,37.5458535062,127.1336387537
12466,대순진리회,37.5301455577,127.131262924
12467,고분다리,37.5426653669,127.1312860033
12468,둔촌청구아파트,37.5294985648,127.1336774558
12469,천호시장,37.5412474515,127.130102088
12470,둔촌시장.발리호텔,37.5288209974,127.1359945857
12471,천호동로데오거리,37.540564881,127.1271982797
12472,서울.경기양돈농협,37.547634262,127.1334687776
12473,둔촌역,37.5284879821,127.1372148092
12474,브라운스톤,37.5490807055,127.130071564
12475,둔촌주공아파트1.4단지후문,37.5271070337,127.1421803585
12476,암사종합시장,37.5498250896,127.1283514406
12477,둔촌현대3차아파트,37.527577601,127.1442495061
12478,천호역5번출구,37.5377527162,127.1270531861
12479,암사역,37.5506330065,127.1278571069
12480,천호역.현대백화점,37.5398337907,127.1239739614
12481,암사삼성.현대아파트,37.5534648461,127.1289609437
12482,둔촌고등학교,37.5317806918,127.1439441771
12483,천호우체국,37.5408597005,127.1253621434
12484,고덕주유소.선사초등학교,37.5554252196,127.1296123926
12485,둔촌푸르지오아파트사거리,37.5343357062,127.1450862778
12486,천호동로데오거리,37.5403621445,127.1271888823
12487,선사마을,37.557670789,127.1304452986
12488,길동은평교회,37.5364235286,127.1458326287
12489,천호시장,37.5406526302,127.1293711544
12490,서울암사동유적,37.5593681789,127.1311704207
12491,길동초등학교,37.5387294931,127.1465126841
12492,고분다리,37.5429343454,127.1316893468
12493,서원마을,37.5637398285,127.1331839488
12494,신명초교입구교차로,37.5402868484,127.1470272247
12495,천호초교입구사거리,37.546439417,127.1342577162
12496,서울암사동유적,37.5593289013,127.1308364383
12497,한성유치원,37.5413164499,127.1473087611
12498,강동농협,37.5484091555,127.1358971506
12499,선사마을,37.5572645099,127.1300088207
12500,약국앞,37.5499147893,127.1375200461
12501,선사초등학교,37.5543876343,127.1288525063
12502,천호우성아파트,37.5503787701,127.1391291506
12503,성덕고등학교,37.5505323285,127.1425836686
12504,암사역,37.5509305667,127.1276731346
12505,고덕한양아파트,37.549091216,127.1556458569
12506,천호우체국,37.5408398008,127.1254334028
12507,강동구청,37.5314072721,127.1218466271
12508,고분다리시장입구,37.5430435328,127.1315503441
12509,고분다리시장입구,37.5429766501,127.1317312927
12510,천호우성아파트,37.5500020014,127.1376865764
12511,명일역,37.5516873584,127.1442201316
12512,명일동종로학원동서신의학병원,37.5503584769,127.1560842253
12513,성덕중고등학교,37.5505365815,127.1425139312
12514,성덕중고등학교,37.5507022382,127.1429223457
12515,강동농협,37.548070466,127.1353378591
12516,강동농협,37.5484001176,127.1359045267
12517,천호우성아파트,37.5501947428,127.137766155
12518,천호초교입구사거리,37.5459145139,127.1338742577
12519,천호시장,37.5405825715,127.1291639456
12520,천호초교입구사거리,37.5459768586,127.1337249837
12521,천호시장,37.540697107,127.1290758762
12522,암사종합시장,37.5496990461,127.1282504974
12523,한영중고,37.5479041121,127.1559206641
12524,명일동국민은행.래미안솔베뉴,37.5536982792,127.1444595051
12525,브라운스톤,37.5488715672,127.1301481597
12526,대명초등학교,37.5465219224,127.1541777984
12527,명일2동주민센터.주공9단지후문,37.5467664825,127.1510262028
12528,삼익가든아파트,37.5463048142,127.1485399627
12529,삼익가든아파트,37.5462816147,127.1488321558
12530,둔촌신성미소지움아파트,37.5267433837,127.1444790184
12531,둔촌신성미소지움아파트,37.5265838453,127.1444012343
12532,9호선중앙보훈병원역1번출구,37.5279111948,127.1475394189
12533,상일초등학교,37.5457731057,127.171462455
12534,길동LG자이아파트,37.536051485,127.1479184974
12535,강동구청역,37.5318061667,127.121254373
12536,천호역,37.5372846491,127.1270546134
12537,길동사거리,37.534205,127.136998
12538,상일초등학교,37.5464178027,127.1714656091
12539,길동LG자이아파트,37.537081,127.14913
12540,길동사거리,37.534662,127.137085
12541,천호역,37.537724,127.127292
12542,강동구청역,37.5311797152,127.1205586271
12543,둔촌동역,37.5274805302,127.1364583008
12544,둔촌동역,37.527387,127.135892
12545,동부기술교육원,37.5561506485,127.1448150378
12546,서울.경기양돈농협,37.5475443585,127.1332864085
12547,아남.대우아파트,37.5578382101,127.1449665811
12548,고덕래미안힐스테이트시니어센터,37.5590478392,127.1478610791
12549,고덕1동주민센터.고덕래미안힐스테이트,37.5585462206,127.1505317979
12550,고덕중학교,37.5606230267,127.1606412781
12551,상일동역5번출구,37.5568644065,127.1685595974
12552,강일리버파크9단지,37.5616293243,127.1801513714
12553,강동중학교.2단지,37.568562206,127.176650791
12554,강일리버파크1단지.금화사,37.5669837075,127.1734683354
12555,강일동주민센터,37.5657348488,127.1740438947
12556,강일리버파크6단지,37.5639305134,127.1754976862
12557,강일리버파크6단지610동,37.5650643792,127.175906733
12558,강일리버파크1단지정문,37.5680965321,127.1728698017
12559,일자마을입구,37.5718329446,127.1718065918
12560,작목반,37.5733551692,127.1698546626
12561,고덕리엔파크3단지.2단지,37.5570721066,127.1736424539
12562,가래여울,37.5765642585,127.1690128239
12563,강동리버스트4단지,37.5736467084,127.1719398056
12564,강동리버스트8단지,37.5729874884,127.1765431276
12565,강동리버스트8단지,37.5725963295,127.1761086097
12566,강빛초.중학교,37.5740293046,127.1723851881
12567,굽은다리역,37.545412,127.143019
12568,굽은다리역,37.545591,127.142752
12569,명일동국민은행.래미안솔베뉴,37.5538267315,127.1441941208
12570,명일동국민은행.래미안솔베뉴,37.5537237961,127.1444541407
12571,강동리버스트4단지,37.5733001958,127.1706174766
12572,강동리버스트4단지,37.5729940729,127.1714489614
12573,고덕2단지,37.560221651,127.1628986035
12574,고덕초등학교,37.5600001519,127.1656669855
12575,암사삼성.현대아파트,37.5533184173,127.1285487091
12576,휘문고입구,37.5020724168,127.0672519977
12577,강일주민센터,37.5666095859,127.178975561
12578,천호우체국.로데오거리,37.5405557883,127.1272740832
12579,우성아파트,37.550385732,127.1393385419
12580,우성아파트,37.5506426076,127.1400463819
12581,조일약국,37.533630263,127.123596182
12582,성내시장,37.536154934,127.1254968434
12583,천호우체국.로데오거리,37.5403430618,127.1273370925
